Model ID,Status,,Maps,VPO,Method,nTrMols,nTsMols,External Pred,r&sup2; STE,q&sup2;<sub>cv</sub> STE,q&sup2;<sub>ext</sub> STE,Optimal PC STE,r&sup2; ELE,q&sup2;<sub>cv</sub> ELE,q&sup2;<sub>ext</sub> ELE,Optimal PC ELE,r&sup2; SUM,q&sup2;<sub>cv</sub> SUM,q&sup2;<sub>ext</sub> SUM,Optimal PC SUM,r&sup2; COMBINED,q&sup2;<sub>cv</sub> COMBINED,q&sup2;<sub>ext</sub> COMBINED,Optimal PC COMBINED,|,COMBINED CV Score,COMBINED Pred Score,COMBINED Full Score,|,MixedFields CV Score,MixedFields Pred Score,MixedFields Full Score,|,AllFields CV Score,AllFields Pred Score,AllFields Full Score,|,Probe,Probe Charge,Charge Model,Min Sigma,Scaling,Max N Components,Grid Spacing,Grid Extension,Diel Const,CutOff,CutOff (2),# Level,CV Type,CV Groups,CV Iters,CV Random,Min SDEP Increment,SA Opt,SA Ti,SA Tf,SA cool factor,SA Min Vars,Y-Scrambling,Y-S Iterations
205440,completed,Results,Available,true,O3G,36,6,True,0.679,0.194,0.425,2,0.431,0.231,0.472,1,0.414,0.192,0.418,1,0.996,0.744,0.497,7,|,0.829,0.665,0.707,|,0.645,0.637,0.651,|,0.560,0.628,0.616,|,Cl,1,eem2015ha,0.900,true,8,1.700,9.000,59.000,16.000,False,2,LOO,5,10,True,0.05,False,100,0.001,0.999,50,True,10
205537,completed,Results,Missing,true,EasyMIF,36,6,True,0.398,-0.029,-0.446,1,0.406,0.070,-0.597,1,0.653,0.193,-1.748,1,0.637,0.238,-0.889,1,|,0.492,-0.259,-0.011,|,0.477,-0.546,-0.231,|,0.412,-0.280,-0.028,|,S.o,1,eem,0.500,true,8,2.400,5.000,55.000,30.000,True,3,LOO,5,10,True,0.05,False,100,0.001,0.999,50,True,10
205543,completed,Results,Missing,true,Autogrid,36,6,True,0.566,-0.015,0.345,2,0.474,0.289,-0.043,1,0.677,0.357,0.108,2,0.740,0.421,0.593,2,|,0.614,0.729,0.686,|,0.593,0.567,0.593,|,0.509,0.500,0.522,|,Cl,1,eem,0.900,true,8,1.900,9.000,70.000,29.000,True,2,LOO,5,10,True,0.05,False,100,0.001,0.999,50,True,10
205545,completed,Results,Missing,true,TRIPOS,36,6,True,0.640,0.295,-0.002,2,0.738,0.374,-0.303,4,0.648,0.227,0.511,2,0.731,0.322,0.642,2,|,0.548,0.761,0.646,|,0.516,0.718,0.618,|,0.536,0.475,0.491,|,C.3.H2,1,gasteiger,0.100,true,8,3.000,7.000,74.000,12.000,True,3,LOO,5,10,True,0.05,False,100,0.001,0.999,50,True,10
205546,completed,Results,Missing,true,Autogrid,36,6,True,0.164,-0.047,-0.294,1,0.541,0.269,-1.274,2,0.334,0.111,-0.623,1,0.484,0.197,-1.088,1,|,0.465,-0.392,-0.092,|,0.436,-0.237,0.030,|,0.422,-0.213,0.049,|,C.3.H2,1,qeq,0.500,true,8,2.800,6.000,60.000,11.000,False,1,LOO,5,10,True,0.05,False,100,0.001,0.999,50,True,10
205548,completed,Results,Missing,true,TRIPOS,36,6,True,0.708,0.207,0.243,2,0.582,0.371,0.587,2,0.853,0.399,0.667,3,0.796,0.318,0.680,2,|,0.545,0.787,0.640,|,0.572,0.782,0.654,|,0.549,0.695,0.630,|,Br,1,openbabel,0.200,true,8,1.500,3.000,60.000,22.000,True,3,LOO,5,10,True,0.05,False,100,0.001,0.999,50,True,10
205434,completed,Results,Missing,true,EasyMIF,36,6,True,0.243,-0.437,-0.256,1,0.371,0.148,0.574,1,0.443,0.075,0.540,1,0.427,-0.005,0.517,1,|,0.330,0.618,0.482,|,0.357,0.623,0.502,|,0.297,0.497,0.436,|,O.3,1,openbabel,0.800,true,8,3.500,9.000,44.000,2.000,False,3,LOO,5,10,True,0.05,False,100,0.001,0.999,50,True,10
205435,completed,Results,Missing,true,Autogrid,36,6,True,0.169,-0.106,0.111,1,0.231,0.097,0.649,1,0.313,0.142,0.614,1,0.317,0.130,0.729,1,|,0.420,0.545,0.496,|,0.424,0.543,0.508,|,0.377,0.495,0.483,|,Br,1,eem,1.000,true,8,3.500,10.000,43.000,22.000,False,0,LOO,5,10,True,0.05,False,100,0.001,0.999,50,True,10
205436,completed,Results,Missing,true,TRIPOS,36,6,True,0.543,-0.061,-0.046,2,0.196,0.031,-0.582,1,0.288,0.023,-0.734,1,0.287,0.040,-0.718,1,|,0.360,-0.145,0.100,|,0.354,-0.151,0.094,|,0.339,-0.013,0.185,|,Na,1,qtpie,0.200,true,8,2.400,6.000,54.000,11.000,False,1,LOO,5,10,True,0.05,False,100,0.001,0.999,50,True,10
205437,completed,Results,Missing,true,TRIPOS,36,6,True,0.253,-0.018,-0.161,1,0.327,-0.180,0.372,2,0.729,0.231,0.163,3,0.623,0.201,0.001,2,|,0.467,0.334,0.430,|,0.477,0.388,0.464,|,0.372,0.388,0.426,|,C.3.H1,1,eem2015ba,0.600,true,8,3.000,6.000,29.000,17.000,True,4,LOO,5,10,True,0.05,False,100,0.001,0.999,50,True,10
205438,completed,Results,Missing,true,O3G,36,6,True,0.671,0.153,0.198,2,0.374,0.180,0.323,1,0.371,0.167,0.346,1,0.411,0.185,0.365,1,|,0.457,0.577,0.585,|,0.451,0.570,0.582,|,0.447,0.539,0.561,|,OH,1,openbabel,0.200,true,8,2.000,3.000,29.000,9.000,True,4,LOO,5,10,True,0.05,False,100,0.001,0.999,50,True,10
205439,completed,Results,Missing,true,Autogrid,36,6,True,0.240,-0.015,-0.372,1,0.067,-0.055,-0.929,1,0.229,0.025,-0.462,1,0.685,0.149,0.708,5,|,0.433,0.790,0.571,|,0.391,0.408,0.403,|,0.351,0.154,0.273,|,C.3,1,eem2015hn,0.800,true,8,3.400,4.000,25.000,5.000,False,4,LOO,5,10,True,0.05,False,100,0.001,0.999,50,True,10
205444,completed,Results,Missing,true,EasyMIF,36,6,True,0.893,-0.070,-2.402,5,0.531,0.398,0.630,1,0.533,0.328,0.394,1,0.540,0.353,0.445,1,|,0.569,0.630,0.661,|,0.560,0.613,0.651,|,0.501,0.161,0.281,|,I,1,gasteiger,0.200,true,8,1.900,4.000,17.000,13.000,False,0,LOO,5,10,True,0.05,False,100,0.001,0.999,50,True,10
205445,completed,Results,Missing,true,TRIPOS,36,6,True,0.336,-0.037,-0.296,1,0.413,0.087,0.333,2,0.361,0.079,-0.168,1,0.965,0.415,-0.492,6,|,0.610,0.005,0.162,|,0.498,0.113,0.266,|,0.424,0.230,0.338,|,C.3.H3,1,eem2015ha,0.400,true,8,2.900,10.000,36.000,17.000,True,1,LOO,5,10,True,0.05,False,100,0.001,0.999,50,True,10
205447,completed,Results,Missing,true,Autogrid,36,6,True,0.238,-0.039,-0.039,1,0.527,0.344,-0.097,1,0.876,0.423,0.037,5,0.666,0.368,0.111,2,|,0.579,0.407,0.506,|,0.597,0.383,0.474,|,0.516,0.335,0.451,|,Br,1,gasteiger,0.100,true,8,2.500,3.000,23.000,12.000,False,4,LOO,5,10,True,0.05,False,100,0.001,0.999,50,True,10
205448,completed,Results,Missing,true,Autogrid,36,6,True,0.291,-0.048,-0.332,1,0.594,0.268,0.871,2,0.823,0.401,0.936,3,0.681,0.317,0.862,2,|,0.545,0.787,0.628,|,0.573,0.835,0.655,|,0.490,0.628,0.544,|,C.3.H2,1,qeq,0.700,true,8,1.500,8.000,40.000,11.000,True,1,LOO,5,10,True,0.05,False,100,0.001,0.999,50,True,10
205450,completed,Results,Missing,true,TRIPOS,36,6,True,0.664,0.124,-0.028,2,0.434,-0.144,-0.250,1,0.448,-0.047,-0.579,1,0.475,-0.073,-0.432,1,|,0.285,0.046,0.193,|,0.293,-0.004,0.160,|,0.310,0.119,0.249,|,Cl,1,qtpie,0.400,true,8,1.400,4.000,16.000,21.000,False,3,LOO,5,10,True,0.05,False,100,0.001,0.999,50,True,10
205451,completed,Results,Missing,true,O3G,36,6,True,0.266,0.014,-0.077,1,0.822,0.310,0.774,3,0.721,0.237,0.684,2,0.773,0.294,0.813,2,|,0.529,0.849,0.640,|,0.510,0.819,0.626,|,0.476,0.692,0.580,|,I,1,eem,0.200,true,8,2.700,4.000,6.000,13.000,True,0,LOO,5,10,True,0.05,False,100,0.001,0.999,50,True,10
205452,completed,Results,Missing,true,TRIPOS,36,6,True,0.411,0.082,-0.356,1,0.514,0.212,0.533,2,0.360,0.181,0.173,1,0.749,0.311,0.330,2,|,0.540,0.553,0.585,|,0.497,0.501,0.571,|,0.464,0.443,0.503,|,O.3,1,openbabel,0.400,true,8,2.400,3.000,37.000,17.000,False,3,LOO,5,10,True,0.05,False,100,0.001,0.999,50,True,10
205453,completed,Results,Missing,true,Autogrid,36,6,True,0.655,0.139,0.365,2,0.521,-0.008,0.720,2,0.776,0.179,0.824,3,0.819,0.151,0.940,3,|,0.434,0.879,0.555,|,0.443,0.865,0.568,|,0.410,0.747,0.530,|,C.3.H3,1,eem2015bm,0.500,true,8,1.500,6.000,71.000,29.000,False,2,LOO,5,10,True,0.05,False,100,0.001,0.999,50,True,10
205456,completed,Results,Missing,true,EasyMIF,36,6,True,0.399,-0.037,-0.754,1,0.528,0.410,0.696,1,0.536,0.303,0.433,1,0.605,0.372,0.303,1,|,0.582,0.535,0.613,|,0.559,0.578,0.623,|,0.508,0.418,0.494,|,H,1,gasteiger,0.300,true,8,1.700,9.000,21.000,8.000,True,0,LOO,5,10,True,0.05,False,100,0.001,0.999,50,True,10
205457,completed,Results,Missing,true,O3G,36,6,True,0.665,0.142,0.151,2,0.412,0.198,0.407,1,0.392,0.170,0.372,1,0.454,0.197,0.396,1,|,0.465,0.597,0.589,|,0.456,0.589,0.585,|,0.451,0.554,0.563,|,C.3.H1,1,openbabel,0.100,true,8,2.000,7.000,23.000,18.000,True,2,LOO,5,10,True,0.05,False,100,0.001,0.999,50,True,10
205460,completed,Results,Missing,true,TRIPOS,36,6,True,0.315,-0.044,-0.114,1,0.309,0.129,0.079,1,0.332,0.149,0.113,1,0.335,0.148,0.120,1,|,0.432,0.414,0.529,|,0.432,0.411,0.528,|,0.397,0.366,0.487,|,C.3.H2,1,openbabel,0.100,true,8,2.300,8.000,29.000,25.000,True,0,LOO,5,10,True,0.05,False,100,0.001,0.999,50,True,10
205461,completed,Results,Missing,true,TRIPOS,36,6,True,0.443,0.104,-0.963,1,0.168,-0.097,0.386,1,0.446,-0.046,-1.115,1,0.471,-0.016,-0.664,1,|,0.323,-0.109,0.087,|,0.313,-0.260,-0.026,|,0.324,-0.096,0.081,|,C.3.H1,1,eem2015hm,0.700,true,8,3.500,3.000,30.000,12.000,True,0,LOO,5,10,True,0.05,False,100,0.001,0.999,50,True,10
205462,completed,Results,Missing,true,EasyMIF,36,6,True,0.958,0.192,-3.678,5,0.592,-0.104,-1.692,1,0.709,-0.011,-1.719,1,0.659,0.005,-1.531,1,|,0.337,-0.687,-0.375,|,0.331,-0.750,-0.427,|,0.347,-1.103,-0.696,|,Cl,1,qeq,0.600,true,8,1.800,4.000,42.000,8.000,False,4,LOO,5,10,True,0.05,False,100,0.001,0.999,50,True,10
205463,completed,Results,Missing,true,O3G,36,6,True,0.615,-0.134,0.112,2,0.367,0.184,0.309,1,0.896,0.613,0.375,3,0.842,0.415,0.436,2,|,0.610,0.624,0.640,|,0.676,0.603,0.640,|,0.513,0.539,0.553,|,O.3,1,eem2015ha,0.500,true,8,2.700,6.000,30.000,7.000,False,0,LOO,5,10,True,0.05,False,100,0.001,0.999,50,True,10
205464,completed,Results,Missing,true,EasyMIF,36,6,True,0.612,0.013,0.290,2,0.699,0.423,0.758,2,0.744,0.330,0.824,2,0.787,0.426,0.722,2,|,0.617,0.815,0.702,|,0.585,0.822,0.677,|,0.532,0.743,0.627,|,Br,1,gasteiger,1.000,true,8,1.300,8.000,40.000,19.000,True,0,LOO,5,10,True,0.05,False,100,0.001,0.999,50,True,10
205465,completed,Results,Missing,true,O3G,36,6,True,0.900,-0.051,-0.394,5,0.473,0.244,0.470,1,0.462,0.228,0.403,1,0.521,0.260,0.385,1,|,0.507,0.590,0.607,|,0.496,0.596,0.606,|,0.447,0.477,0.494,|,OH2,1,eem2015bm,0.600,true,8,2.300,6.000,40.000,26.000,False,1,LOO,5,10,True,0.05,False,100,0.001,0.999,50,True,10
205468,completed,Results,Missing,true,TRIPOS,36,6,True,0.394,-0.057,-0.390,1,0.175,0.038,-0.762,1,0.369,0.169,0.239,1,0.422,0.177,0.298,1,|,0.452,0.532,0.568,|,0.449,0.512,0.565,|,0.388,0.231,0.364,|,Br,1,openbabel,0.900,true,8,2.400,6.000,57.000,7.000,True,3,LOO,5,10,True,0.05,False,100,0.001,0.999,50,True,10
205469,completed,Results,Missing,true,Autogrid,36,6,True,0.257,-0.058,-0.247,1,0.534,0.344,0.731,1,0.872,0.574,0.749,3,0.725,0.350,0.875,2,|,0.567,0.817,0.650,|,0.642,0.825,0.708,|,0.535,0.627,0.595,|,Br,1,gasteiger,0.300,true,8,1.100,5.000,22.000,22.000,True,0,LOO,5,10,True,0.05,False,100,0.001,0.999,50,True,10
205471,completed,Results,Missing,true,TRIPOS,36,6,True,0.684,0.127,0.197,2,0.442,-0.345,0.604,1,0.368,0.038,-0.018,1,0.769,0.264,0.178,2,|,0.509,0.452,0.505,|,0.434,0.387,0.470,|,0.347,0.467,0.431,|,S.o,1,eem,0.100,true,8,2.300,5.000,64.000,13.000,True,3,LOO,5,10,True,0.05,False,100,0.001,0.999,50,True,10
205472,completed,Results,Missing,true,TRIPOS,36,6,True,0.668,0.142,-0.240,2,0.530,0.201,0.818,2,0.786,0.157,0.547,3,0.757,0.318,0.742,2,|,0.545,0.828,0.656,|,0.492,0.763,0.598,|,0.470,0.596,0.510,|,S.o,1,gasteiger,0.600,true,8,2.300,4.000,18.000,30.000,True,3,LOO,5,10,True,0.05,False,100,0.001,0.999,50,True,10
205473,completed,Results,Missing,true,TRIPOS,36,6,True,0.381,-0.006,-0.080,1,0.549,0.236,0.370,2,0.750,0.326,0.626,2,0.789,0.344,0.829,2,|,0.563,0.859,0.666,|,0.557,0.805,0.654,|,0.483,0.617,0.573,|,Br,1,openbabel,0.500,true,8,2.400,5.000,54.000,17.000,True,2,LOO,5,10,True,0.05,False,100,0.001,0.999,50,True,10
205474,completed,Results,Missing,true,Autogrid,36,6,True,0.516,-0.055,0.666,2,0.749,0.276,-0.497,5,0.665,0.056,0.366,2,0.695,0.188,0.574,2,|,0.458,0.716,0.574,|,0.415,0.647,0.526,|,0.411,0.493,0.418,|,N.4,1,eem2015bm,0.100,true,8,2.100,3.000,61.000,12.000,False,0,LOO,5,10,True,0.05,False,100,0.001,0.999,50,True,10
205476,completed,Results,Missing,true,EasyMIF,36,6,True,0.391,-0.064,-0.816,1,0.582,0.223,-1.062,1,0.412,-0.038,-0.135,1,0.643,0.204,-1.613,1,|,0.469,-0.742,-0.380,|,0.389,-0.249,-0.011,|,0.388,-0.271,-0.024,|,OH,1,eem,0.400,true,8,3.200,6.000,48.000,4.000,False,3,LOO,5,10,True,0.05,False,100,0.001,0.999,50,True,10
205477,completed,Results,Missing,true,Autogrid,36,6,True,0.252,-0.036,-0.201,1,0.525,0.359,0.771,1,0.836,0.467,0.649,3,0.735,0.380,0.874,2,|,0.587,0.823,0.667,|,0.616,0.795,0.685,|,0.528,0.618,0.590,|,I,1,gasteiger,0.500,true,8,1.000,6.000,12.000,7.000,True,1,LOO,5,10,True,0.05,False,100,0.001,0.999,50,True,10
205481,completed,Results,Missing,true,O3G,36,6,True,0.687,0.129,0.217,2,0.406,0.206,0.452,1,0.394,0.181,0.376,1,0.441,0.204,0.447,1,|,0.469,0.627,0.601,|,0.462,0.606,0.594,|,0.453,0.573,0.568,|,S.3,1,qtpie,0.800,true,8,2.100,9.000,61.000,14.000,False,4,LOO,5,10,True,0.05,False,100,0.001,0.999,50,True,10
205482,completed,Results,Missing,true,Autogrid,36,6,True,0.593,-0.077,-0.069,2,0.484,0.044,0.940,2,0.864,0.400,0.679,4,0.706,0.126,0.725,2,|,0.417,0.804,0.560,|,0.509,0.795,0.614,|,0.415,0.633,0.506,|,S.o,1,eem2015bm,0.100,true,8,1.800,8.000,47.000,22.000,True,3,LOO,5,10,True,0.05,False,100,0.001,0.999,50,True,10
205483,completed,Results,Missing,true,EasyMIF,36,6,True,0.554,-0.014,-0.448,1,0.561,0.347,0.655,1,0.632,0.339,0.337,1,0.989,0.511,0.584,6,|,0.674,0.723,0.688,|,0.616,0.640,0.654,|,0.530,0.506,0.537,|,N.4,1,gasteiger,0.500,true,8,2.000,8.000,19.000,3.000,True,3,LOO,5,10,True,0.05,False,100,0.001,0.999,50,True,10
205484,completed,Results,Missing,true,TRIPOS,36,6,True,0.682,0.147,-0.137,2,0.638,0.458,0.431,2,0.841,0.330,0.633,3,0.795,0.325,0.733,2,|,0.550,0.822,0.652,|,0.552,0.788,0.641,|,0.543,0.610,0.578,|,S.3,1,openbabel,0.500,true,8,1.200,5.000,10.000,26.000,False,4,LOO,5,10,True,0.05,False,100,0.001,0.999,50,True,10
205485,completed,Results,Missing,true,O3G,36,6,True,0.664,0.130,0.117,2,0.883,0.512,0.580,3,0.812,0.411,0.628,2,0.874,0.462,0.592,2,|,0.641,0.728,0.684,|,0.624,0.740,0.679,|,0.586,0.653,0.633,|,N.4,1,eem2015ba,0.300,true,8,1.700,9.000,18.000,29.000,True,4,LOO,5,10,True,0.05,False,100,0.001,0.999,50,True,10
205486,completed,Results,Missing,true,EasyMIF,36,6,True,0.289,-0.048,-0.010,1,0.585,-2.238,-2.258,8,0.271,-0.341,-0.560,1,0.424,-0.427,0.383,2,|,0.049,0.588,0.280,|,0.077,0.274,0.199,|,-0.176,-0.074,-0.069,|,O.3,1,qtpie,0.900,true,8,3.400,4.000,68.000,24.000,True,2,LOO,5,10,True,0.05,False,100,0.001,0.999,50,True,10
205487,completed,Results,Missing,true,Autogrid,36,6,True,0.238,-0.147,-0.292,1,0.565,0.365,-0.072,1,0.301,0.074,-0.085,1,0.536,0.249,-0.150,1,|,0.499,0.233,0.377,|,0.441,0.255,0.398,|,0.423,0.233,0.379,|,Na,1,eem,0.100,true,8,2.300,7.000,27.000,6.000,True,2,LOO,5,10,True,0.05,False,100,0.001,0.999,50,True,10
205488,completed,Results,Missing,true,TRIPOS,36,6,True,0.331,-0.004,-0.635,1,0.138,-0.105,-0.109,1,0.484,-0.036,-0.839,1,0.467,-0.041,-0.331,1,|,0.306,0.113,0.250,|,0.308,-0.057,0.122,|,0.302,0.014,0.194,|,C.3.H3,1,eem2015bm,0.700,true,8,2.100,7.000,61.000,21.000,False,0,LOO,5,10,True,0.05,False,100,0.001,0.999,50,True,10
205490,completed,Results,Missing,true,O3G,36,6,True,0.679,0.113,0.458,2,0.451,0.232,0.445,1,0.972,0.641,-0.146,5,0.499,0.235,0.391,1,|,0.490,0.594,0.599,|,0.625,0.415,0.486,|,0.537,0.525,0.526,|,H.P,1,eem2015hm,0.800,true,8,1.800,7.000,3.000,24.000,True,1,LOO,5,10,True,0.05,False,100,0.001,0.999,50,True,10
205494,completed,Results,Missing,true,TRIPOS,36,6,True,0.588,0.106,0.454,2,0.410,-0.296,0.485,2,0.781,0.059,0.743,3,0.790,0.016,0.732,3,|,0.344,0.821,0.498,|,0.358,0.825,0.511,|,0.314,0.723,0.473,|,F,1,eem2015bn,0.300,true,8,2.500,4.000,45.000,15.000,False,0,LOO,5,10,True,0.05,False,100,0.001,0.999,50,True,10
205495,completed,Results,Missing,true,Autogrid,36,6,True,0.639,0.034,-0.084,2,0.604,0.091,0.706,2,0.844,0.389,0.432,3,0.862,0.359,0.846,3,|,0.573,0.897,0.677,|,0.583,0.759,0.651,|,0.479,0.633,0.547,|,O.3,1,mmff94,0.200,true,8,1.500,4.000,30.000,21.000,True,0,LOO,5,10,True,0.05,False,100,0.001,0.999,50,True,10
205496,completed,Results,Missing,true,EasyMIF,36,6,True,0.611,0.030,0.254,2,0.468,0.056,0.352,1,0.471,0.004,-0.088,1,0.574,0.058,0.040,1,|,0.372,0.360,0.434,|,0.354,0.317,0.406,|,0.358,0.426,0.444,|,S.o,1,eem2015ba,0.700,true,8,2.100,8.000,4.000,20.000,True,1,LOO,5,10,True,0.05,False,100,0.001,0.999,50,True,10
205498,completed,Results,Missing,true,TRIPOS,36,6,True,0.657,0.104,0.157,2,0.650,0.050,-1.608,1,0.376,0.038,-0.446,1,0.518,0.058,-0.720,1,|,0.372,-0.147,0.063,|,0.365,-0.055,0.142,|,0.375,-0.103,0.087,|,C.3.H2,1,eem,1.000,true,8,1.300,3.000,18.000,6.000,True,3,LOO,5,10,True,0.05,False,100,0.001,0.999,50,True,10
205500,completed,Results,Missing,true,TRIPOS,36,6,True,0.276,-0.052,-0.443,1,0.490,-0.264,-0.462,2,0.408,-0.072,-1.090,1,0.690,-0.137,-1.040,2,|,0.242,-0.360,-0.158,|,0.264,-0.377,-0.141,|,0.246,-0.172,0.021,|,Br,1,eem,0.300,true,8,2.800,3.000,10.000,25.000,False,2,LOO,5,10,True,0.05,False,100,0.001,0.999,50,True,10
205501,completed,Results,Missing,true,EasyMIF,36,6,True,0.670,0.087,0.014,2,0.495,-0.163,0.289,1,0.522,-0.092,-0.482,1,0.563,-0.051,0.048,1,|,0.299,0.366,0.389,|,0.286,0.189,0.273,|,0.297,0.312,0.335,|,C.3.H1,1,eem2015ha,0.700,true,8,1.400,5.000,31.000,21.000,True,3,LOO,5,10,True,0.05,False,100,0.001,0.999,50,True,10
205502,completed,Results,Missing,true,Autogrid,36,6,True,0.000,-0.058,-0.104,1,0.358,0.214,0.507,1,0.238,0.095,0.051,1,0.301,0.181,0.761,2,|,0.454,0.534,0.514,|,0.425,0.451,0.508,|,0.405,0.434,0.509,|,F,1,qeq,0.800,true,8,1.100,8.000,53.000,1.000,False,4,LOO,5,10,True,0.05,False,100,0.001,0.999,50,True,10
205505,completed,Results,Missing,true,TRIPOS,36,6,True,0.371,-0.044,-0.216,1,0.359,-0.058,-0.491,1,0.382,-0.036,-0.557,1,0.399,-0.051,-0.501,1,|,0.299,-0.001,0.174,|,0.304,-0.019,0.163,|,0.302,0.039,0.209,|,F,1,eem2015bm,0.900,true,8,1.500,6.000,3.000,30.000,False,1,LOO,5,10,True,0.05,False,100,0.001,0.999,50,True,10
205506,completed,Results,Missing,true,EasyMIF,36,6,True,0.353,-0.062,-1.039,1,0.662,0.423,0.631,2,0.835,0.591,0.310,2,0.840,0.592,0.671,2,|,0.728,0.781,0.768,|,0.728,0.660,0.691,|,0.591,0.429,0.500,|,S.o,1,gasteiger,0.300,true,8,2.700,5.000,48.000,19.000,False,1,LOO,5,10,True,0.05,False,100,0.001,0.999,50,True,10
205507,completed,Results,Missing,true,O3G,36,6,True,0.680,0.057,0.342,3,0.414,0.209,0.283,1,0.362,0.147,0.257,1,0.446,0.203,0.230,1,|,0.469,0.487,0.566,|,0.450,0.496,0.561,|,0.436,0.519,0.544,|,H.P,1,mmff94,0.500,true,8,2.900,5.000,10.000,19.000,True,3,LOO,5,10,True,0.05,False,100,0.001,0.999,50,True,10
205508,completed,Results,Missing,true,O3G,36,6,True,0.536,-0.028,0.465,2,0.499,0.298,0.718,1,0.749,0.410,0.828,2,0.748,0.361,0.670,2,|,0.574,0.780,0.667,|,0.590,0.807,0.680,|,0.507,0.731,0.611,|,F,1,eem2015bm,0.900,true,8,3.300,8.000,12.000,15.000,False,2,LOO,5,10,True,0.05,False,100,0.001,0.999,50,True,10
205509,completed,Results,Missing,true,TRIPOS,36,6,True,0.367,-0.042,0.316,1,0.350,-0.121,-1.424,1,0.560,-0.068,0.116,2,0.656,-0.009,0.343,2,|,0.327,0.562,0.444,|,0.308,0.487,0.418,|,0.294,0.225,0.254,|,H.P,1,qeq,0.100,true,8,2.300,7.000,58.000,2.000,False,3,LOO,5,10,True,0.05,False,100,0.001,0.999,50,True,10
205510,completed,Results,Missing,true,EasyMIF,36,6,True,0.474,-0.030,0.140,2,0.570,-0.270,-0.427,2,0.720,-0.152,-0.714,2,0.410,-0.078,-0.808,1,|,0.281,-0.205,0.015,|,0.257,-0.174,0.006,|,0.245,0.032,0.147,|,Cl,1,eem2015hn,0.200,true,8,2.800,3.000,44.000,22.000,True,4,LOO,5,10,True,0.05,False,100,0.001,0.999,50,True,10
205511,completed,Results,Missing,true,O3G,36,6,True,0.230,-0.034,-0.140,1,0.386,0.203,0.308,1,0.987,0.512,-1.061,8,0.406,0.189,0.363,1,|,0.459,0.575,0.587,|,0.567,0.101,0.239,|,0.478,0.245,0.363,|,Br,1,eem,0.200,true,8,2.700,10.000,36.000,10.000,True,3,LOO,5,10,True,0.05,False,100,0.001,0.999,50,True,10
205512,completed,Results,Missing,true,O3G,36,6,True,0.660,0.141,0.374,2,0.395,0.195,0.337,1,0.414,0.202,0.367,1,0.452,0.216,0.357,1,|,0.478,0.571,0.592,|,0.473,0.575,0.593,|,0.459,0.572,0.574,|,O.3,1,eem,0.900,true,8,2.800,3.000,52.000,13.000,False,4,LOO,5,10,True,0.05,False,100,0.001,0.999,50,True,10
205516,completed,Results,Missing,true,O3G,36,6,True,0.643,0.003,0.796,2,0.446,0.217,0.619,1,0.367,0.150,0.385,1,0.471,0.191,0.554,1,|,0.461,0.647,0.582,|,0.447,0.613,0.577,|,0.427,0.654,0.552,|,H,1,eem2015hm,0.200,true,8,2.100,5.000,53.000,29.000,True,2,LOO,5,10,True,0.05,False,100,0.001,0.999,50,True,10
205518,completed,Results,Missing,true,O3G,36,6,True,0.253,0.024,-0.267,1,0.424,0.225,0.564,1,0.745,0.361,0.572,2,0.452,0.217,0.519,1,|,0.478,0.635,0.598,|,0.526,0.675,0.625,|,0.471,0.530,0.542,|,N.4,1,qtpie,1.000,true,8,3.200,3.000,78.000,10.000,False,0,LOO,5,10,True,0.05,False,100,0.001,0.999,50,True,10
205519,completed,Results,Missing,true,EasyMIF,36,6,True,0.540,-0.079,0.012,2,0.295,-0.162,-0.155,1,0.683,-0.075,-0.305,2,0.961,0.071,0.470,7,|,0.381,0.647,0.454,|,0.332,0.388,0.337,|,0.293,0.337,0.348,|,C.3.H2,1,eem2015ba,0.100,true,8,3.100,4.000,33.000,13.000,False,0,LOO,5,10,True,0.05,False,100,0.001,0.999,50,True,10
205520,completed,Results,Missing,true,TRIPOS,36,6,True,0.670,0.122,0.101,2,0.361,-0.021,0.337,1,0.320,-0.000,-0.403,1,0.459,0.030,-0.644,1,|,0.353,-0.096,0.106,|,0.343,-0.016,0.176,|,0.355,0.232,0.324,|,C.3.H1,1,eem2015ba,0.800,true,8,1.000,3.000,64.000,20.000,True,4,LOO,5,10,True,0.05,False,100,0.001,0.999,50,True,10
205521,completed,Results,Missing,true,EasyMIF,36,6,True,0.000,-0.058,-0.104,1,0.971,-0.177,-0.861,4,0.972,-0.210,-0.950,4,0.972,-0.210,-0.950,4,|,0.193,-0.300,-0.172,|,0.193,-0.300,-0.172,|,0.224,-0.144,-0.007,|,H.P,1,eem,0.900,true,8,1.500,4.000,62.000,26.000,False,3,LOO,5,10,True,0.05,False,100,0.001,0.999,50,True,10
205522,completed,Results,Missing,true,Autogrid,36,6,True,0.000,-0.058,-0.104,1,0.335,0.014,0.008,1,0.429,-0.061,0.179,2,0.335,0.014,0.008,1,|,0.343,0.339,0.450,|,0.318,0.396,0.439,|,0.318,0.348,0.442,|,S.3,1,eem2015hn,0.700,true,8,1.800,6.000,72.000,1.000,True,1,LOO,5,10,True,0.05,False,100,0.001,0.999,50,True,10
205523,completed,Results,Missing,true,O3G,36,6,True,0.615,0.079,0.014,2,0.347,0.164,0.164,1,0.356,0.165,0.196,1,0.967,0.648,0.110,5,|,0.765,0.407,0.502,|,0.604,0.435,0.529,|,0.509,0.414,0.507,|,S.3,1,eem2015ha,0.100,true,8,3.200,10.000,34.000,5.000,True,3,LOO,5,10,True,0.05,False,100,0.001,0.999,50,True,10
205524,completed,Results,Missing,true,O3G,36,6,True,0.702,0.197,0.370,2,0.349,0.156,0.304,1,0.353,0.152,0.298,1,0.993,0.697,-0.509,7,|,0.798,-0.006,0.196,|,0.616,0.263,0.381,|,0.534,0.411,0.469,|,Cl,1,eem,0.600,true,8,1.900,7.000,68.000,7.000,True,1,LOO,5,10,True,0.05,False,100,0.001,0.999,50,True,10
205525,completed,Results,Missing,true,O3G,36,6,True,0.322,0.041,0.001,1,0.354,0.170,0.226,1,0.350,0.162,0.302,1,0.383,0.180,0.279,1,|,0.453,0.519,0.573,|,0.447,0.527,0.573,|,0.425,0.468,0.541,|,F,1,eem2015ha,0.300,true,8,2.600,5.000,20.000,6.000,False,1,LOO,5,10,True,0.05,False,100,0.001,0.999,50,True,10
205529,completed,Results,Missing,true,TRIPOS,36,6,True,0.274,-0.136,-0.787,1,0.261,0.023,-0.207,1,0.344,0.043,-0.637,1,0.350,0.048,-0.568,1,|,0.365,-0.046,0.165,|,0.363,-0.068,0.148,|,0.329,-0.033,0.173,|,H.P,1,eem2015ba,0.200,true,8,2.700,7.000,52.000,15.000,False,0,LOO,5,10,True,0.05,False,100,0.001,0.999,50,True,10
205530,completed,Results,Missing,true,TRIPOS,36,6,True,0.674,0.122,-0.137,2,0.664,0.011,-0.526,1,0.451,0.026,-0.592,1,0.527,0.022,-0.703,1,|,0.348,-0.136,0.064,|,0.349,-0.098,0.099,|,0.363,0.007,0.166,|,Br,1,eem2015hn,0.200,true,8,1.000,6.000,45.000,10.000,True,2,LOO,5,10,True,0.05,False,100,0.001,0.999,50,True,10
205531,completed,Results,Missing,true,O3G,36,6,True,0.235,-0.004,-0.398,1,0.502,0.295,0.801,1,0.701,0.338,0.722,2,0.530,0.285,0.659,1,|,0.523,0.687,0.621,|,0.541,0.744,0.643,|,0.486,0.556,0.536,|,C.3.H1,1,openbabel,0.500,true,8,3.200,3.000,1.000,23.000,False,2,LOO,5,10,True,0.05,False,100,0.001,0.999,50,True,10
205532,completed,Results,Missing,true,O3G,36,6,True,0.634,0.117,0.550,2,0.426,0.240,0.423,1,0.832,0.469,0.552,2,0.852,0.463,0.520,2,|,0.642,0.680,0.676,|,0.644,0.691,0.682,|,0.548,0.674,0.632,|,I,1,openbabel,1.000,true,8,2.700,6.000,46.000,12.000,True,2,LOO,5,10,True,0.05,False,100,0.001,0.999,50,True,10
205533,completed,Results,Missing,true,TRIPOS,36,6,True,0.679,0.118,-0.173,2,0.487,-0.044,0.235,1,0.391,-0.001,-0.503,1,0.561,0.028,-0.689,1,|,0.352,-0.126,0.067,|,0.342,-0.064,0.125,|,0.350,0.145,0.252,|,S.o,1,eem2015ba,0.500,true,8,1.000,10.000,56.000,5.000,True,4,LOO,5,10,True,0.05,False,100,0.001,0.999,50,True,10
205534,completed,Results,Missing,true,O3G,36,6,True,0.219,-0.048,-0.469,1,0.689,0.334,0.691,2,0.839,0.457,0.647,2,0.827,0.362,0.652,2,|,0.575,0.768,0.652,|,0.606,0.766,0.674,|,0.518,0.586,0.559,|,OH2,1,eem2015bn,0.400,true,8,2.400,3.000,78.000,27.000,True,0,LOO,5,10,True,0.05,False,100,0.001,0.999,50,True,10
205535,completed,Results,Missing,true,Autogrid,36,6,True,0.362,0.007,-1.240,1,0.140,-0.247,0.072,1,0.156,-0.083,-0.047,1,0.691,-0.098,0.037,2,|,0.268,0.358,0.342,|,0.273,0.330,0.383,|,0.263,0.137,0.238,|,OH2,1,eem2015bm,0.300,true,8,3.100,7.000,13.000,12.000,False,3,LOO,5,10,True,0.05,False,100,0.001,0.999,50,True,10
205536,completed,Results,Missing,true,O3G,36,6,True,0.589,0.010,0.046,2,0.425,0.222,0.524,1,0.427,0.206,0.504,1,0.462,0.226,0.527,1,|,0.484,0.641,0.602,|,0.477,0.630,0.596,|,0.444,0.560,0.550,|,C.3.H1,1,eem2015ha,0.100,true,8,2.900,3.000,62.000,21.000,False,4,LOO,5,10,True,0.05,False,100,0.001,0.999,50,True,10
205538,completed,Results,Missing,true,TRIPOS,36,6,True,0.527,-0.033,-0.579,2,0.397,-0.071,0.414,5,0.344,-0.030,0.027,1,0.616,0.104,0.288,2,|,0.403,0.526,0.498,|,0.358,0.438,0.465,|,0.329,0.356,0.377,|,C.3,1,qeq,0.600,true,8,2.700,8.000,39.000,2.000,True,2,LOO,5,10,True,0.05,False,100,0.001,0.999,50,True,10
205540,completed,Results,Missing,true,O3G,36,6,True,0.554,-0.021,-0.146,2,0.506,0.306,0.175,1,0.408,0.205,0.257,1,0.507,0.272,0.106,1,|,0.515,0.404,0.514,|,0.492,0.454,0.546,|,0.460,0.398,0.494,|,Na,1,eem2015ha,0.600,true,8,3.500,10.000,21.000,25.000,True,2,LOO,5,10,True,0.05,False,100,0.001,0.999,50,True,10
205541,completed,Results,Missing,true,TRIPOS,36,6,True,0.634,0.128,0.106,2,0.899,0.487,-0.775,7,0.826,0.303,0.249,3,0.768,0.282,0.478,2,|,0.521,0.652,0.593,|,0.528,0.576,0.565,|,0.533,0.343,0.411,|,O.3,1,openbabel,0.100,true,8,1.700,7.000,30.000,14.000,False,0,LOO,5,10,True,0.05,False,100,0.001,0.999,50,True,10
205542,completed,Results,Missing,true,EasyMIF,36,6,True,0.545,-0.072,-0.043,2,0.493,0.296,0.602,1,0.528,0.277,0.399,1,0.788,0.313,0.648,2,|,0.542,0.765,0.633,|,0.530,0.682,0.625,|,0.469,0.583,0.562,|,Br,1,openbabel,0.500,true,8,2.800,8.000,61.000,4.000,False,0,LOO,5,10,True,0.05,False,100,0.001,0.999,50,True,10
205544,completed,Results,Missing,true,O3G,36,6,True,0.695,0.150,0.372,2,0.448,0.234,0.505,1,0.805,0.351,0.692,2,0.985,0.578,-0.162,7,|,0.719,0.225,0.351,|,0.643,0.510,0.504,|,0.552,0.558,0.534,|,OH2,1,eem,0.700,true,8,2.700,3.000,56.000,21.000,True,3,LOO,5,10,True,0.05,False,100,0.001,0.999,50,True,10
205547,completed,Results,Missing,true,TRIPOS,36,6,True,0.379,-0.024,-0.223,1,0.698,0.219,-0.515,1,0.440,0.064,-0.374,1,0.513,0.085,-0.418,1,|,0.390,0.054,0.219,|,0.383,0.069,0.235,|,0.391,0.078,0.238,|,H,1,eem,0.600,true,8,1.200,9.000,18.000,12.000,False,4,LOO,5,10,True,0.05,False,100,0.001,0.999,50,True,10
205549,completed,Results,Missing,true,EasyMIF,36,6,True,0.235,-0.119,-0.405,1,0.503,0.329,0.333,2,0.703,0.262,0.481,2,0.648,0.074,0.340,2,|,0.383,0.560,0.486,|,0.446,0.607,0.540,|,0.424,0.458,0.489,|,C.3.H3,1,openbabel,0.100,true,8,3.000,6.000,57.000,24.000,True,1,LOO,5,10,True,0.05,False,100,0.001,0.999,50,True,10
205432,completed,Results,Missing,true,Autogrid,36,6,True,0.137,-0.143,-0.232,1,0.058,-0.071,-1.189,1,0.193,-0.011,-0.650,1,0.219,-0.028,-1.000,1,|,0.315,-0.333,-0.041,|,0.320,-0.217,0.050,|,0.291,-0.179,0.080,|,C.3.H2,1,eem2015bn,0.700,true,8,3.500,6.000,55.000,30.000,False,0,LOO,5,10,True,0.05,False,100,0.001,0.999,50,True,10
205433,completed,Results,Missing,true,Autogrid,36,6,True,0.657,0.033,-0.051,2,0.697,0.392,0.794,2,0.843,0.462,0.751,3,0.744,0.347,0.898,2,|,0.565,0.830,0.648,|,0.603,0.832,0.682,|,0.539,0.690,0.603,|,I,1,eem2015ha,1.000,true,8,1.000,5.000,43.000,21.000,False,1,LOO,5,10,True,0.05,False,100,0.001,0.999,50,True,10
205441,completed,Results,Missing,true,TRIPOS,36,6,True,0.367,-0.030,-0.309,1,0.191,0.016,0.525,1,0.328,-0.009,0.261,1,0.346,0.005,0.424,1,|,0.337,0.564,0.490,|,0.332,0.536,0.487,|,0.330,0.415,0.427,|,N.4,1,eem2015ba,0.500,true,8,2.000,8.000,48.000,19.000,False,2,LOO,5,10,True,0.05,False,100,0.001,0.999,50,True,10
205446,completed,Results,Missing,true,O3G,36,6,True,0.690,0.154,0.269,2,0.411,0.212,0.419,1,0.997,0.662,0.636,8,0.997,0.678,0.589,8,|,0.785,0.726,0.742,|,0.780,0.742,0.752,|,0.618,0.651,0.654,|,C.3.H1,1,qeq,0.100,true,8,1.100,6.000,21.000,14.000,False,1,LOO,5,10,True,0.05,False,100,0.001,0.999,50,True,10
205449,completed,Results,Missing,true,EasyMIF,36,6,True,0.590,0.045,0.174,2,0.542,0.161,-0.831,1,0.490,0.134,-0.385,1,0.599,0.176,-1.331,1,|,0.451,-0.554,-0.236,|,0.437,-0.239,0.006,|,0.419,-0.062,0.122,|,Br,1,eem2015bm,0.800,true,8,2.400,4.000,8.000,7.000,False,2,LOO,5,10,True,0.05,False,100,0.001,0.999,50,True,10
205458,completed,Results,Missing,true,EasyMIF,36,6,True,0.666,0.065,-0.087,2,0.543,0.029,-0.210,1,0.510,0.048,0.030,1,0.595,0.041,-0.672,1,|,0.361,-0.114,0.072,|,0.363,0.119,0.255,|,0.364,0.177,0.294,|,O.3,1,eem2015ba,0.100,true,8,1.500,7.000,7.000,30.000,False,4,LOO,5,10,True,0.05,False,100,0.001,0.999,50,True,10
205459,completed,Results,Missing,true,Autogrid,36,6,True,0.341,-0.085,-0.173,1,0.736,0.490,0.824,2,0.887,0.550,0.877,3,0.883,0.534,0.862,3,|,0.690,0.908,0.764,|,0.695,0.913,0.768,|,0.581,0.717,0.652,|,Na,1,mmff94,0.200,true,8,1.200,10.000,62.000,30.000,False,4,LOO,5,10,True,0.05,False,100,0.001,0.999,50,True,10
205470,completed,Results,Missing,true,TRIPOS,36,6,True,0.355,-0.029,-0.146,1,0.345,0.000,-0.448,1,0.366,0.013,-0.433,1,0.397,0.008,-0.365,1,|,0.339,0.090,0.253,|,0.340,0.067,0.239,|,0.332,0.101,0.265,|,C.3.H1,1,eem2015bm,0.300,true,8,2.300,8.000,8.000,13.000,True,0,LOO,5,10,True,0.05,False,100,0.001,0.999,50,True,10
205475,completed,Results,Missing,true,EasyMIF,36,6,True,0.373,-0.094,-0.478,1,0.836,0.301,-2.585,2,0.511,-0.065,-2.266,1,0.654,0.023,-2.689,1,|,0.348,-1.459,-0.950,|,0.319,-1.318,-0.839,|,0.361,-1.003,-0.594,|,F,1,eem2015hm,0.300,true,8,2.200,7.000,41.000,13.000,True,3,LOO,5,10,True,0.05,False,100,0.001,0.999,50,True,10
205489,completed,Results,Missing,true,O3G,36,6,True,0.525,0.031,0.383,2,0.356,0.177,0.260,1,0.984,0.223,-0.503,8,0.386,0.186,0.307,1,|,0.457,0.538,0.580,|,0.470,0.268,0.351,|,0.436,0.408,0.441,|,F,1,eem2015bm,0.400,true,8,2.700,5.000,5.000,5.000,True,4,LOO,5,10,True,0.05,False,100,0.001,0.999,50,True,10
205493,completed,Results,Missing,true,Autogrid,36,6,True,0.935,-0.960,-2.781,8,0.616,0.188,0.356,2,0.657,0.242,0.859,2,0.703,0.227,0.815,2,|,0.484,0.802,0.595,|,0.490,0.787,0.591,|,0.283,0.156,0.131,|,C.3,1,eem2015hn,0.700,true,8,2.300,9.000,63.000,15.000,True,3,LOO,5,10,True,0.05,False,100,0.001,0.999,50,True,10
205497,completed,Results,Missing,true,Autogrid,36,6,True,0.541,-0.097,0.225,2,0.395,0.112,0.212,1,0.587,0.138,0.760,2,0.617,0.086,0.656,2,|,0.391,0.745,0.537,|,0.408,0.735,0.538,|,0.373,0.607,0.500,|,Br,1,openbabel,0.400,true,8,2.200,3.000,15.000,14.000,True,2,LOO,5,10,True,0.05,False,100,0.001,0.999,50,True,10
205499,completed,Results,Missing,true,Autogrid,36,6,True,0.632,0.000,-0.027,2,0.627,0.324,0.856,2,0.814,0.386,0.593,3,0.702,0.297,0.932,2,|,0.531,0.801,0.610,|,0.561,0.765,0.633,|,0.501,0.649,0.568,|,N.4,1,eem2015bm,0.800,true,8,1.200,8.000,43.000,3.000,True,3,LOO,5,10,True,0.05,False,100,0.001,0.999,50,True,10
205513,completed,Results,Missing,true,Autogrid,36,6,True,0.335,-0.073,-0.886,1,0.497,0.085,-0.041,5,0.333,0.129,-0.359,1,0.745,0.370,-0.157,2,|,0.580,0.229,0.359,|,0.500,0.161,0.323,|,0.418,0.093,0.261,|,Na,1,eem2015bm,0.900,true,8,2.400,10.000,52.000,21.000,False,1,LOO,5,10,True,0.05,False,100,0.001,0.999,50,True,10
205514,completed,Results,Missing,true,Autogrid,36,6,True,0.667,0.056,-0.005,2,0.308,-0.027,0.032,1,0.553,0.064,0.227,2,0.631,0.006,0.374,2,|,0.337,0.583,0.460,|,0.356,0.534,0.469,|,0.350,0.438,0.443,|,OH,1,eem2015bn,0.700,true,8,2.100,8.000,66.000,16.000,True,4,LOO,5,10,True,0.05,False,100,0.001,0.999,50,True,10
205517,completed,Results,Missing,true,Autogrid,36,6,True,0.618,0.043,0.294,2,0.574,0.338,0.521,2,0.682,0.064,0.008,2,0.731,0.257,0.700,2,|,0.504,0.800,0.623,|,0.440,0.569,0.512,|,0.450,0.587,0.538,|,C.3.H1,1,eem2015bm,0.500,true,8,1.900,4.000,33.000,29.000,False,2,LOO,5,10,True,0.05,False,100,0.001,0.999,50,True,10